,sum_sq,df,F,PR(>F)
Vegetation_Fraction,5072178.787886218,1.0,102.83672521243251,6.769460125744158e-16
Residual,3847165.9286880433,78.0,,
