,sum_sq,df,F,PR(>F)
EXGR_Avg_Vegetation,187.57607265360477,1.0,104.95539550546262,4.280058404547915e-16
Residual,139.4014437897066,78.0,,
