,sum_sq,df,F,PR(>F)
EXG_Avg_Vegetation,194.87102034100445,1.0,115.05822979989615,5.165636291860197e-17
Residual,132.1064961023072,78.0,,
