,sum_sq,df,F,PR(>F)
GLI_Avg_Vegetation,199.87034907887244,1.0,122.65151959096873,1.1335255461304819e-17
Residual,127.10716736443916,78.0,,
