,sum_sq,df,F,PR(>F)
Green_Avg_Vegetation,194.8710203410036,1.0,115.05822979989505,5.1656362918613415e-17
Residual,132.1064961023079,78.0,,
