,sum_sq,df,F,PR(>F)
VARI_Avg_Vegetation,155.7719977103206,1.0,70.96859909261607,1.4149159108094438e-12
Residual,171.20551873299095,78.0,,
