,sum_sq,df,F,PR(>F)
C(Date),0.13447228487181073,5.0,1.0888716241838072,0.38671275287884
C(Cover),0.3934502988169266,2.0,7.9647799975435625,0.0016804846401133314
C(Date):C(Cover),0.18237377525714435,10.0,0.7383738183004869,0.6834341353347524
Residual,0.7409814814814815,30.0,,
