,sum_sq,df,F,PR(>F)
C(Date),0.16005366594523956,5.0,0.5670696763872105,0.7244550774013185
C(Cover),0.8551976155628708,2.0,7.574906707701921,0.002172598234367914
C(Date):C(Cover),1.8674320140667544,10.0,3.3081531173870857,0.005347109177784845
Residual,1.6934814814814816,30.0,,
