,sum_sq,df,F,PR(>F)
C(Date),0.16005366594523923,5.0,0.5670696763872092,0.7244550774013196
C(Cover),0.8551976155628661,2.0,7.57490670770188,0.002172598234367974
C(Date):C(Cover),1.8674320140667549,10.0,3.3081531173870866,0.0053471091777848355
Residual,1.6934814814814816,30.0,,
