,sum_sq,df,F,PR(>F)
C(Date),0.10239469567237615,5.0,5.065020060740438,0.0017524460111749162
C(Cover),0.1658064703012555,2.0,20.504311594506405,2.4386666557991026e-06
C(Date):C(Cover),0.11956390006911498,10.0,2.957152948274294,0.010432265529797573
Residual,0.1212962962962963,30.0,,
