,sum_sq,df,F,PR(>F)
C(Date),0.10239469567237659,5.0,5.06502006074046,0.001752446011174866
C(Cover),0.1658064703012551,2.0,20.50431159450635,2.4386666557991602e-06
C(Date):C(Cover),0.11956390006911453,10.0,2.9571529482742833,0.010432265529797811
Residual,0.1212962962962963,30.0,,
