,sum_sq,df,F,PR(>F)
C(Date),0.13447228487181048,5.0,1.0888716241838052,0.38671275287884144
C(Cover),0.39345029881692883,2.0,7.964779997543606,0.001680484640113284
C(Date):C(Cover),0.1823737752571445,10.0,0.7383738183004874,0.6834341353347513
Residual,0.7409814814814816,30.0,,
