,sum_sq,df,F,PR(>F)
C(Date),0.7053428507006628,5.0,8.987732867700267,2.6452893734673918e-05
C(Cover),1.4204853945603098,2.0,45.25084239563655,8.748267119963044e-10
C(Date):C(Cover),1.912810901735984,10.0,12.186863022819418,4.655180435463852e-08
Residual,0.4708703703703705,30.0,,
