,sum_sq,df,F,PR(>F)
C(Date),0.10894473028704484,5.0,5.770490863659069,0.0007586394776690559
C(Cover),0.09266239785339596,2.0,12.270155674554639,0.00012765993776365402
C(Date):C(Cover),0.0662820465910483,10.0,1.7553852456677823,0.11365424205695153
Residual,0.11327777777777778,30.0,,
