,sum_sq,df,F,PR(>F)
C(Date),0.1089447302870448,5.0,5.770490863659067,0.0007586394776690587
C(Cover),0.09266239785339572,2.0,12.270155674554607,0.00012765993776365595
C(Date):C(Cover),0.0662820465910479,10.0,1.7553852456677717,0.11365424205695382
Residual,0.11327777777777778,30.0,,
