,sum_sq,df,F,PR(>F)
C(Date),0.7053428507006639,5.0,8.987732867700283,2.645289373467351e-05
C(Cover),1.420485394560309,2.0,45.25084239563654,8.748267119963073e-10
C(Date):C(Cover),1.9128109017359851,10.0,12.186863022819427,4.655180435463816e-08
Residual,0.47087037037037044,30.0,,
