,sum_sq,df,F,PR(>F)
C(Date),0.5389089916292772,5.0,4.3099948975090285,0.004497652263549799
C(Cover),1.3484448103427187,2.0,26.960907789731483,1.9892792722681276e-07
C(Date):C(Cover),2.097027411879504,10.0,8.385625017883086,2.5591888456493876e-06
Residual,0.7502222222222223,30.0,,
