,sum_sq,df,F,PR(>F)
C(Date),0.5389089916292753,5.0,4.309994897509013,0.0044976522635498785
C(Cover),1.34844481034272,2.0,26.960907789731515,1.9892792722681043e-07
C(Date):C(Cover),2.097027411879502,10.0,8.385625017883077,2.5591888456494113e-06
Residual,0.7502222222222223,30.0,,
