,sum_sq,df,F,PR(>F)
C(Date),0.10015321533730999,5.0,5.088543479581064,0.0017030675065409188
C(Cover),0.08683281497743546,2.0,11.029415106119293,0.0002566863324195131
C(Date):C(Cover),0.0641023702077495,10.0,1.6284434645845103,0.14618673557710316
Residual,0.11809259259259257,30.0,,
