,sum_sq,df,F,PR(>F)
C(Date),0.10015321533730977,5.0,5.088543479581053,0.0017030675065409424
C(Cover),0.08683281497743527,2.0,11.029415106119268,0.0002566863324195168
C(Date):C(Cover),0.06410237020774913,10.0,1.6284434645845007,0.14618673557710565
Residual,0.11809259259259257,30.0,,
