,sum_sq,df,F,PR(>F)
C(Date),0.11724880255960886,5.0,4.8086850670016785,0.002400094665683001
C(Cover),0.012418618124161142,2.0,1.2733013519709522,0.29460077361885506
C(Date):C(Cover),0.06517397446843116,10.0,1.3364789701121322,0.25677291650587225
Residual,0.14629629629629634,30.0,,
