,sum_sq,df,F,PR(>F)
C(Date),0.1172488025596086,5.0,4.808685067001667,0.00240009466568304
C(Cover),0.012418618124161238,2.0,1.273301351970962,0.29460077361885295
C(Date):C(Cover),0.06517397446843144,10.0,1.336478970112138,0.2567729165058696
Residual,0.14629629629629634,30.0,,
