,sum_sq,df,F,PR(>F)
C(Date),0.1103023105538203,5.0,2.5306577410733437,0.050206316364251824
C(Cover),0.13653628491279454,2.0,7.831354679178837,0.0018339761119353156
C(Date):C(Cover),0.5348618632353545,10.0,6.135648055808483,4.97701248755123e-05
Residual,0.2615185185185186,30.0,,
