,sum_sq,df,F,PR(>F)
C(Date),0.11030231055382103,5.0,2.5306577410733615,0.05020631636425063
C(Cover),0.13653628491279496,2.0,7.831354679178863,0.0018339761119352876
C(Date):C(Cover),0.5348618632353535,10.0,6.135648055808473,4.977012487551293e-05
Residual,0.26151851851851854,30.0,,
