,sum_sq,df,F,PR(>F)
EXGR_Avg_Vegetation,12.184292007290699,1.0,96.84818897297633,2.549298455841013e-15
Residual,9.813036120209318,78.0,,
