,sum_sq,df,F,PR(>F)
EXG_Avg_Vegetation,12.596192632764643,1.0,104.50897403891724,4.712020895232397e-16
Residual,9.40113549473537,78.0,,
