,sum_sq,df,F,PR(>F)
GLI_Avg_Vegetation,12.941674464164354,1.0,111.47186561383892,1.0799768669499016e-16
Residual,9.055653663335649,78.0,,
