,sum_sq,df,F,PR(>F)
Green_Avg_Vegetation,12.596192632764549,1.0,104.50897403891585,4.712020895233818e-16
Residual,9.401135494735424,78.0,,
