,sum_sq,df,F,PR(>F)
VARI_Avg_Vegetation,10.278446138958337,1.0,68.41256696864465,2.8045764262399204e-12
Residual,11.718881988541666,78.0,,
