,sum_sq,df,F,PR(>F)
EXGR_Avg_Vegetation,1218.429200729069,1.0,96.84818897297627,2.5492984558410505e-15
Residual,981.3036120209317,78.0,,
