,sum_sq,df,F,PR(>F)
C(Date),0.1299923168767985,5.0,2.2739180794775242,0.07243260389193105
C(Cover),0.33682205146968974,2.0,14.729827323747365,3.495288954592564e-05
C(Date):C(Cover),0.27073350408586383,10.0,2.367931522616885,0.033259023541958393
Residual,0.343,30.0,,
