,sum_sq,df,F,PR(>F)
C(Date),0.4152716596597904,5.0,4.417638563541125,0.003920267606476107
C(Cover),1.2196595926332432,2.0,32.436690088745664,3.159753549062482e-08
C(Date):C(Cover),1.023544111070456,10.0,5.444204813127156,0.00013988689969735696
Residual,0.5640185185185187,30.0,,
