,sum_sq,df,F,PR(>F)
C(Date),0.07275983246697888,5.0,2.020933194967951,0.10415361189772175
C(Cover),0.010422338090011201,2.0,0.7237114318824749,0.4932225370758364
C(Date):C(Cover),0.07425358783591528,10.0,1.0312114212960368,0.4421187435204577
Residual,0.2160185185185186,30.0,,
