,sum_sq,df,F,PR(>F)
C(Date),0.07275983246697929,5.0,2.020933194967962,0.10415361189771999
C(Cover),0.010422338090010775,2.0,0.7237114318824454,0.4932225370758502
C(Date):C(Cover),0.07425358783591496,10.0,1.0312114212960326,0.44211874352046127
Residual,0.21601851851851858,30.0,,
