,sum_sq,df,F,PR(>F)
C(Date),0.12999231687679877,5.0,2.2739180794775296,0.07243260389193058
C(Cover),0.33682205146968924,2.0,14.729827323747342,3.495288954592599e-05
C(Date):C(Cover),0.2707335040858637,10.0,2.367931522616884,0.03325902354195848
Residual,0.343,30.0,,
