,sum_sq,df,F,PR(>F)
C(Date),0.41527165965978874,5.0,4.417638563541108,0.003920267606476198
C(Cover),1.2196595926332443,2.0,32.4366900887457,3.159753549062449e-08
C(Date):C(Cover),1.0235441110704566,10.0,5.444204813127161,0.00013988689969735585
Residual,0.5640185185185186,30.0,,
