,sum_sq,df,F,PR(>F)
C(Date),0.06417643500268878,5.0,1.7606405538417573,0.15136067747977666
C(Cover),0.012534790828150049,2.0,0.8597104632346769,0.4334510586548439
C(Date):C(Cover),0.09195594991259126,10.0,1.2613771283522248,0.2951614915465361
Residual,0.21870370370370384,30.0,,
