,sum_sq,df,F,PR(>F)
C(Date),0.06417643500268874,5.0,1.7606405538417562,0.1513606774797769
C(Cover),0.012534790828149534,2.0,0.8597104632346415,0.43345105865485845
C(Date):C(Cover),0.091955949912591,10.0,1.2613771283522213,0.29516149154653765
Residual,0.21870370370370384,30.0,,
